[{"id":"user-image-image.jpeg","publicUrl":"np://user.desktop.nicepage.com/Site_67929433/images/image.jpeg","size":107782,"fileName":"image.jpeg","name":"image","width":673,"height":1280,"thumbnail":{"url":"np://user.desktop.nicepage.com/Site_67929433/images/thumbnails/image.jpeg","width":131,"height":250}},{"id":"user-image--01.png","publicUrl":"np://user.desktop.nicepage.com/Site_67929433/images/-01.png","size":163887,"fileName":"-01.png","name":"-01","width":5834,"height":4167,"thumbnail":{"url":"np://user.desktop.nicepage.com/Site_67929433/images/thumbnails/-01.png","width":250,"height":179}},{"id":"user-image-khlel.png","publicUrl":"np://user.desktop.nicepage.com/Site_67929433/images/khlel.png","size":44138,"fileName":"khlel.png","name":"khlel","width":1024,"height":1011,"thumbnail":{"url":"np://user.desktop.nicepage.com/Site_67929433/images/thumbnails/khlel.png","width":250,"height":247}},{"id":"user-image-markaz.png","publicUrl":"np://user.desktop.nicepage.com/Site_67929433/images/markaz.png","size":46118,"fileName":"markaz.png","name":"markaz","width":276,"height":250,"thumbnail":{"url":"np://user.desktop.nicepage.com/Site_67929433/images/thumbnails/markaz.png","width":250,"height":226}},{"id":"user-image-alaradi.png","publicUrl":"np://user.desktop.nicepage.com/Site_67929433/images/alaradi.png","size":92046,"fileName":"alaradi.png","name":"alaradi","width":400,"height":400,"thumbnail":{"url":"np://user.desktop.nicepage.com/Site_67929433/images/thumbnails/alaradi.png","width":250,"height":250}}]